Коллекция,Артикул,Адрес
G-SHOCK,GA-2100SKE-7AER,https://shop.casio.ru/catalog/g-shock-youth/ga-2100ske-7aer/
G-SHOCK,GA-2100-1AER,https://shop.casio.ru/catalog/g-shock-youth/ga_2100_1aer/
G-SHOCK,DW-5600E-1VER,https://shop.casio.ru/catalog/g-shock/dw_5600e_1ver/
G-SHOCK,AWM-500GC-1AJR,https://shop.casio.ru/catalog/g-shock/awm_500gc_1ajr/
G-SHOCK,DW-5600DAILY21-1ER,https://shop.casio.ru/catalog/g-shock/dw-5600daily21-1er/
G-SHOCK,G-9000-1VER,https://shop.casio.ru/catalog/g-shock-professional/g_9000_1ver/
G-SHOCK,GA-100-1A1ER,https://shop.casio.ru/catalog/g-shock-youth/ga_100_1a1er/
G-SHOCK,GA-100-1A2ER,https://shop.casio.ru/catalog/g-shock-youth/ga_100_1a2er/
G-SHOCK,GA-100-1A4ER,https://shop.casio.ru/catalog/g-shock-youth/ga_100_1a4er/
G-SHOCK,GA-100B-4AER,https://shop.casio.ru/catalog/g-shock-youth/ga_100b_4aer/
G-SHOCK,GA-100B-7AER,https://shop.casio.ru/catalog/g-shock-youth/ga_100b_7aer/
G-SHOCK,GA-110-1AER,https://shop.casio.ru/catalog/g-shock-youth/ga_110_1aer/
G-SHOCK,GA-110LS-1AER,https://shop.casio.ru/catalog/g-shock-youth/ga_110ls_1aer/
G-SHOCK,GA-2100FR-3AER,https://shop.casio.ru/catalog/g-shock-youth/ga_2100fr_3aer/
G-SHOCK,GA-2100FR-5AER,https://shop.casio.ru/catalog/g-shock-youth/ga_2100fr_5aer/
G-SHOCK,GA-2100SU-1AER,https://shop.casio.ru/catalog/g-shock-youth/ga_2100su_1aer/
G-SHOCK,GA-900GC-7AER,https://shop.casio.ru/catalog/g-shock-youth/ga_900gc_7aer/
G-SHOCK,GAW-100B-1AER,https://shop.casio.ru/catalog/g-shock-youth/gaw_100b_1aer/
G-SHOCK,GD-100-1BER,https://shop.casio.ru/catalog/g-shock-youth/gd_100_1ber/
G-SHOCK,GG-1000-1AER,https://shop.casio.ru/catalog/g-shock-professional/gg_1000_1aer/
G-SHOCK,GM-110NE-1AER,https://shop.casio.ru/catalog/g-shock-youth/gm_110ne_1aer/
G-SHOCK,GM-2100B-4AER,https://shop.casio.ru/catalog/g-shock/gm-2100b-4aer/
G-SHOCK,GM-5600EY-1DR,https://shop.casio.ru/catalog/g-shock-youth/gm_5600ey_1dr/
G-SHOCK,GM-6900SG-9ER,https://shop.casio.ru/catalog/g-shock/gm-6900sg-9er/
G-SHOCK,GMW-B5000GD-4ER,https://shop.casio.ru/catalog/g-shock-premium/gmw_b5000gd_4er/
G-SHOCK,GST-B100-1AER,https://shop.casio.ru/catalog/g-shock-g-steel/gst_b100_1aer/
G-SHOCK,GWG-1000-1A3ER,https://shop.casio.ru/catalog/g-shock-professional/gwg_1000_1a3er/
G-SHOCK,MRG-B1000D-1ADR,https://shop.casio.ru/catalog/g-shock-premium/mrg-b1000d-1adr/
G-SHOCK,MRG-B2000B-1ADR,https://shop.casio.ru/catalog/g-shock-premium/mrg-b2000b-1a/
